EPISODE_ID,EVENT_ID,TOR_F_SCALE,TOR_LENGTH,TOR_WIDTH,TOR_OTHER_WFO,TOR_OTHER_CZ_STATE,TOR_OTHER_CZ_FIPS,TOR_OTHER_CZ_NAME
142648,856504,EF1,1.96,150,,,,
136200,817339,EF1,1.52,125,,,,
136200,817330,EF0,4.12,100,,,,
136467,819060,EF1,2.94,150,,,,
135065,809459,EF1,1.1,50,,,,
135059,809407,EF0,2.58,50,,,,
137188,823536,EF0,1.19,80,,,,
140548,844803,EF2,13,200,,,,
135097,809709,EF1,0.25,25,,,,
140548,844804,EF0,5.7,75,,,,
140548,844805,EF0,0.1,75,,,,
139356,838233,EFU,0.66,100,,,,
139359,838272,EFU,1.29,100,,,,
134769,807760,EF2,6.2,400,,,,
137704,827278,EF0,0.39,50,,,,
135721,829881,EFU,1.68,50,,,,
137239,823752,EF1,2.2,170,,,,
135721,832949,EF0,0.8,50,,,,
141300,848645,EF0,1,10,,,,
142648,856477,EF2,2.48,265,,,,
142648,856502,EF1,6.02,500,FWD,TX,397,ROCKWALL
142648,856503,EF0,0.18,170,,,,
135423,812121,EF0,0.03,50,,,,
135426,812122,EF0,0.32,50,,,,
132387,792082,EF1,0.23,90,,,,
132386,792085,EF0,0.15,35,,,,
135329,811498,EF0,0.39,50,,,,
135738,815578,EF1,2.52,150,,,,
135738,815581,EF1,1.03,200,,,,
135738,815575,EF1,10,900,,,,
137747,827859,EF0,0.34,50,,,,
133917,801579,EF1,0.61,125,,,,
132642,803186,EF1,0.8,50,,,,
133020,795947,EF0,0.07,6.67,,,,
134140,803295,EF1,1.7,112,,,,
133896,802444,EF1,1.4,250,,,,
134140,803243,EF1,5.26,75,BMX,AL,1,AUTAUGA
132910,795219,EF1,4.5,75,,,,
133267,802646,EFU,0.06,25,,,,
132587,793391,EF1,0.25,20,,,,
133020,796257,EF0,0.54,6.67,,,,
134140,803245,EF1,9.08,400,,,,
133896,802445,EF0,2.72,150,,,,
133896,802446,EF1,2.45,150,,,,
132955,795472,EF0,0.49,175,,,,
133896,802448,EF0,0.26,50,,,,
134140,803244,EF0,0.87,75,,,,
133805,800737,EF1,2.8,400,,,,
134140,803261,EF2,18.11,700,,,,
134322,804696,EF0,0.44,100,,,,
134325,804729,EF0,0.22,25,,,,
136483,819110,EF1,0.93,100,,,,
142648,856507,EF1,0.53,500,,,,
134743,807391,EF0,0.75,25,,,,
137807,863413,EFU,0.25,75,,,,
142648,856506,EF0,0.13,50,,,,
142648,856508,EF0,0.63,200,,,,
134743,807395,EFU,0.96,25,,,,
142648,856510,EF0,4.8,500,,,,
139354,865960,EFU,0.01,50,,,,
142646,862733,EF0,0.54,25,,,,
133341,797836,EF0,0.24,30,,,,
142954,857863,EFU,1,25,,,,
137807,863414,EF2,6,350,,,,
139171,837047,EF1,6.73,150,,,,
137933,829390,EF0,0.83,150,,,,
134106,802985,EF1,2.43,150,LZK,AR,85,LONOKE
134106,802987,EF1,3.92,150,,,,
132592,793434,EF1,1.2,75,,,,
132592,810679,EF1,0.25,40,,,,
133856,804167,EF1,11.07,112,,,,
134504,805912,EF1,9.86,125,,,,
134504,805913,EF0,1.25,100,,,,
134504,805911,EF0,0.68,75,,,,
134885,808447,EF1,5.12,300,,,,
135151,810121,EF1,7.84,350,,,,
135461,812402,EF0,1.46,75,,,,
134106,802988,EF1,8.38,300,LZK,AR,117,PRAIRIE
134106,802989,EF1,2.42,300,,,,
134106,802992,EF1,3.92,100,LZK,AR,117,PRAIRIE
134106,802994,EF1,1.23,100,,,,
134504,805915,EF0,0.35,100,PAH,KY,101,HENDERSON
134885,810796,EF0,3.37,75,TAE,GA,61,CLAY
135084,809814,EF1,5.01,550,,,,
135813,815063,EF0,0.62,40,,,,
134942,812823,EF1,0.75,250,,,,
134887,810788,EF1,4.14,150,,,,
142428,854996,EF1,5.05,300,,,,
134520,806023,EF2,10.3,250,,,,
134887,810794,EF2,2.68,800,,,,
134886,810819,EF0,0.66,50,,,,
133570,799230,EF0,0.47,150,,,,
134877,808523,EF0,0.01,25,,,,
134877,808532,EF0,0.27,50,,,,
134504,805914,EF0,2.27,50,,,,
134552,810899,EF0,2.96,300,,,,
133985,802419,EF2,15.19,350,,,,
134026,802347,EFU,1.66,125,,,,
135949,815950,EF0,0.43,10,,,,
133287,797470,EF1,4.22,500,,,,
134942,812822,EF1,2.3,250,,,,
142428,854995,EF1,0.29,300,SHV,AR,27,COLUMBIA
142378,854764,EF0,0.8,150,,,,
134886,810820,EF0,11.93,400,,,,
133986,802649,EF2,14.7,880,,,,
134504,805916,EF0,0.88,100,,,,
142378,854862,EF1,9.09,150,,,,
142429,855002,EF1,3.59,350,,,,
135529,813008,EFU,1.48,200,,,,
134886,810821,EF1,2.07,275,,,,
135596,813542,EF0,1.54,75,,,,
133570,799239,EF3,9.74,440,,,,
135529,813009,EFU,0.64,40,,,,
135529,813010,EFU,2.08,50,,,,
134887,810790,EF1,4.53,150,,,,
134886,810822,EF0,18.37,300,,,,
134905,816288,EF0,5.75,100,,,,
135157,810157,EF0,1.17,25,,,,
134100,802941,EF0,0.01,75,,,,
133941,801915,EF0,0.38,25,,,,
133725,801141,EF0,0.17,10,,,,
134887,810793,EF1,0.72,180,,,,
134886,810831,EF1,2.94,300,TAE,FL,63,JACKSON
134905,816315,EF1,4.24,250,,,,
137200,823554,EFU,1.9,100,,,,
134887,810795,EF0,7.45,75,,,,
134886,810835,EF1,2.35,300,,,,
133987,803840,EF1,0.81,880,,,,
134504,805908,EF1,2.22,125,PAH,KY,7,BALLARD
134886,810842,EF2,3.76,700,,,,
136526,821391,EFU,0.31,50,,,,
134504,805909,EF2,3.32,300,PAH,KY,145,MCCRACKEN
134504,805910,EF2,11.17,300,,,,
136054,817199,EF1,3.05,200,,,,
134887,810783,EF1,6.98,860,FFC,GA,259,STEWART
133963,801834,EF1,1.46,150,,,,
133963,801835,EF1,0.6,200,,,,
133963,809712,EF0,0.17,25,,,,
136722,820223,EF0,4.9,100,,,,
136054,817226,EF0,5.03,200,,,,
134299,804381,EF1,2.87,100,,,,
135611,814846,EF2,4.2,600,TAE,GA,239,QUITMAN
136690,822523,EF1,10,300,,,,
135234,810884,EFU,2.35,30,,,,
134299,804362,EF1,8.46,100,,,,
135301,811250,EF1,1.24,40,,,,
136776,820660,EF0,0.5,100,,,,
135085,810040,EF0,0.58,30,,,,
135542,813097,EF1,6.61,400,,,,
134299,804389,EF1,0.8,75,,,,
134886,810841,EF3,5.07,700,TAE,FL,65,JEFFERSON
136092,818634,EF1,0.05,30,,,,
135561,813539,EF1,2.57,100,,,,
135561,813655,EF1,0.27,50,,,,
135561,813657,EF1,2.65,50,,,,
133866,801231,EF0,6.4,100,,,,
136092,818638,EF1,0.33,30,,,,
134696,811340,EF2,17,800,,,,
134696,811341,EF0,3,50,CLE,OH,153,SUMMIT
134988,808987,EFU,0.86,30,,,,
136142,822179,EF0,2.5,100,,,,
136142,822181,EF0,1.2,50,,,,
136142,822195,EFU,0.1,50,,,,
136210,817381,EF0,1.2,100,,,,
136210,817385,EF0,1,75,,,,
136054,816986,EF1,3.75,100,,,,
136054,817000,EF1,1.84,100,,,,
135561,813537,EF1,0.16,300,,,,
136054,817238,EF0,1.84,50,,,,
133866,801365,EF0,6.54,75,,,,
135611,813640,EF4,23.55,1600,FFC,GA,215,MUSCOGEE
135611,814841,EF0,0.42,50,,,,
136401,818648,EF0,1.49,70,BMX,AL,109,PIKE
136773,821967,EF0,0.98,50,,,,
134634,807379,EF0,0.03,30,,,,
136142,822223,EF0,2,650,,,,
136142,822251,EF1,3.4,1100,TSA,OK,115,OTTAWA
136142,822264,EF0,0.7,450,,,,
136054,817001,EF0,2.41,100,,,,
133866,802004,EF0,8.05,125,,,,
133866,801997,EF2,18.2,700,,,,
135813,815036,EF0,1.24,50,,,,
135813,815043,EF0,1.18,200,,,,
135611,814845,EF2,6.68,700,,,,
134815,808530,EF0,2.68,80,,,,
136142,822280,EF2,10,1300,,,,
136142,822284,EF1,4.4,1000,,,,
136054,817002,EF0,1.5,50,,,,
136054,817003,EF1,1.43,75,,,,
135611,813620,EF0,0.62,70,,,,
135813,815047,EF1,9.13,300,BMX,AL,21,CHILTON
135813,815052,EF0,0.31,185,,,,
135813,814888,EF1,10.76,1175,BMX,AL,55,ETOWAH
135813,814890,EF0,2.69,1175,BMX,AL,115,ST.,CLAIR
135129,809914,EF2,10.6,300,,,,
136054,817004,EF0,0.59,75,,,,
136054,817005,EF0,5.08,75,,,,
135611,813627,EF2,19.16,1300,BMX,AL,81,LEE
135813,815055,EF0,5.06,150,,,,
135813,815057,EF0,0.24,88,,,,
135813,815061,EF0,5.79,350,,,,
135813,815038,EF0,4.71,530,,,,
135813,815040,EF0,4.48,100,,,,
134675,821591,EF0,0.16,50,,,,
135686,814180,EF1,5.04,180,,,,
135129,813553,EF1,5.67,400,CAE,SC,17,CALHOUN
135129,813554,EF1,2.15,400,,,,
136054,817017,EF0,2.86,100,,,,
136054,817024,EF1,2.17,100,,,,
135611,813629,EF1,9.91,1300,,,,
135813,814880,EF0,2.58,115,,,,
135813,815064,EF1,7.09,250,,,,
135813,815056,EF0,2.7,300,BMX,AL,47,DALLAS
136803,820829,EF1,3.51,475,,,,
136921,822087,EF0,9.75,100,,,,
135800,815346,EF1,11.22,150,,,,
134779,807845,EF0,1.14,50,VEF,CA,71,SAN,BERNARDINO
135129,813555,EF1,1.89,200,,,,
135129,813557,EF2,2.91,250,,,,
136054,817033,EF0,2.18,100,,,,
136054,817126,EF1,6.28,880,SGF,MO,9,BARRY
135505,812920,EF1,1.39,230,,,,
135505,812924,EF0,0.19,30,,,,
135505,812925,EF0,0.71,140,,,,
135611,813639,EF1,2.75,758,BMX,AL,81,LEE
135813,815060,EF0,6.12,350,BMX,AL,37,COOSA
135813,815068,EF2,8.58,650,,,,
136803,821276,EF1,3.76,95,,,,
136803,821283,EF0,0.57,50,FFC,GA,215,MUSCOGEE
136054,817127,EF1,6.06,880,,,,
135813,815069,EF0,4.38,75,,,,
134892,808644,EF0,1.71,100,,,,
134079,802638,EF0,3,35,,,,
136344,818316,EF0,0.1,20,,,,
136054,817134,EF1,11.14,100,SGF,MO,43,CHRISTIAN
135813,814892,EF0,3.75,1175,,,,
134905,816290,EF0,0.01,20,,,,
135534,813023,EF0,2.67,50,,,,
135534,813029,EF0,0.33,100,FFC,GA,145,HARRIS
135448,812377,EF0,0.23,30,,,,
136051,816725,EF0,1.97,50,,,,
136054,817137,EF1,12.15,100,,,,
136054,817153,EF0,1.9,75,,,,
136412,818715,EF0,2.06,15,,,,
136717,822200,EF0,8.02,150,TAE,FL,129,WAKULLA
135534,813033,EF0,5.1,100,FFC,GA,263,TALBOT
135534,813036,EF0,3.02,100,,,,
135534,813049,EF0,1.13,75,,,,
136054,817166,EF0,5.64,50,SGF,MO,161,PHELPS
136054,817175,EF1,1.78,200,,,,
134026,802336,EF1,1.75,125,LUB,TX,279,LAMB
133964,801830,EF2,1.52,100,,,,
133963,801831,EF2,5.05,200,,,,
136717,822206,EF0,6.97,150,TAE,FL,73,LEON
135534,813057,EF1,3.32,150,FFC,GA,255,SPALDING
135534,813058,EF0,1.01,150,,,,
136220,817442,EF0,0.5,75,,,,
136054,817182,EF1,1.71,200,,,,
133963,801832,EF1,10.84,100,,,,
133963,801833,EF1,1.91,50,,,,
135313,811343,EF0,0.4,100,,,,
136717,822210,EF0,3.13,150,,,,
136054,817242,EF0,0.02,50,SGF,MO,67,DOUGLAS
135465,812422,EFU,0.38,30,,,,
139171,837059,EFU,1.37,25,,,,
135981,815955,EF0,0.01,10,,,,
136054,817246,EF1,8.57,200,,,,
136054,817419,EF2,8.35,400,,,,
136803,820827,EF1,1.21,440,,,,
137227,823706,EF1,1,100,,,,
137227,823703,EF1,5,450,,,,
137227,823708,EF1,0.9,400,TSA,AR,33,CRAWFORD
138008,829408,EF0,0.15,20,,,,
136054,817247,EF1,5.64,100,,,,
136054,817250,EF0,1.02,75,,,,
136803,820828,EF0,8.72,220,,,,
136142,822183,EF0,0.2,125,TSA,OK,145,WAGONER
136142,822186,EF1,2.1,150,,,,
136142,822188,EFU,1.3,500,TSA,OK,131,ROGERS
134830,808179,EFU,1.11,30,,,,
134830,808180,EFU,0.1,30,,,,
136073,816521,EFU,0.23,50,,,,
139972,842178,EF0,1.82,30,,,,
139988,842225,EF0,0.08,25,,,,
136054,817264,EF1,0.35,50,SGF,MO,57,DADE
139171,837056,EFU,2.55,25,,,,
139171,837058,EFU,1.6,25,,,,
136803,820830,EF0,6.67,400,,,,
136803,820839,EF0,6.48,600,,,,
136142,822193,EF2,8.5,1300,,,,
136142,822202,EF1,7.5,900,,,,
135535,813061,EF0,0.57,150,,,,
136921,822096,EF0,8.3,100,AKQ,VA,81,GREENSVILLE
136921,822086,EF0,1.5,50,,,,
136920,821949,EF0,6.35,50,,,,
136920,822097,EF0,1.49,100,,,,
137246,823787,EF1,3.6,1100,,,,
137880,828565,EF1,15,100,,,,
137880,828569,EF0,0.25,25,,,,
136054,817265,EF1,0.25,50,,,,
136503,819331,EF0,2.88,100,,,,
136566,819423,EF0,0.1,20,,,,
136826,821130,EF0,3.22,100,,,,
136803,820848,EF0,2.97,125,,,,
136142,822213,EF1,7.8,300,,,,
136142,822220,EFU,0.1,50,,,,
136142,822222,EF1,4.3,800,TSA,OK,115,OTTAWA
135535,813062,EF1,2.36,300,,,,
135535,813063,EF1,4.45,200,,,,
136920,822100,EF1,5.77,100,AKQ,VA,175,SOUTHAMPTON
136920,821953,EF0,4.4,100,,,,
136920,822104,EF1,2.82,100,,,,
136054,817415,EF2,1.93,400,SGF,MO,77,GREENE
136803,821280,EF1,2.81,300,,,,
136826,821133,EF1,2.35,150,,,,
136142,822245,EF1,7.2,700,,,,
136054,817155,EFU,0.53,50,,,,
135799,815106,EFU,0.1,25,,,,
135799,815109,EFU,0.1,25,,,,
135800,818031,EFU,2.3,50,,,,
135785,814686,EF0,0.45,50,,,,
136506,819369,EF1,6.9,100,,,,
136286,822242,EF3,15.4,1400,OUN,OK,5,ATOKA
136286,822281,EF3,12.2,1000,,,,
137949,829026,EF0,0.2,50,,,,
137949,829029,EF0,3.06,200,,,,
134675,818696,EF1,8.9,200,,,,
136341,818300,EF0,0.12,50,,,,
134675,807386,EF3,12.16,800,SHV,TX,73,CHEROKEE
134675,818694,EF2,6.03,100,,,,
136342,818306,EF1,7.48,100,,,,
134634,807377,EF1,0.73,50,,,,
136418,818797,EF2,1.74,100,,,,
136690,822524,EFU,1.5,40,,,,
136891,821381,EF0,0.55,30,,,,
136891,821561,EF0,0.25,15,,,,
137893,828630,EF0,3,150,,,,
136767,820509,EF1,3.17,500,,,,
136875,821258,EF0,6.06,100,,,,
136875,821259,EF0,1.05,100,GSP,NC,109,LINCOLN
136732,820432,EF1,5.34,125,RAH,NC,101,JOHNSTON
136359,820472,EF0,1.3,50,,,,
136824,820956,EF1,2.15,175,,,,
136732,820404,EF1,1.92,150,,,,
136732,820433,EF1,4.81,125,,,,
136342,818318,EF2,17.13,75,,,,
136342,818315,EF0,6.66,50,,,,
136342,818321,EF0,3.05,50,,,,
136282,822178,EF1,1.6,50,,,,
136282,822180,EF0,1.31,10,,,,
135812,818829,EF1,1.46,150,,,,
136054,817207,EF1,1.72,100,SGF,MO,153,OZARK
135669,814080,EF0,0.91,200,,,,
136286,822182,EF1,3,30,,,,
136286,822185,EFU,0.3,50,,,,
136286,822187,EF1,0.5,20,,,,
136286,822191,EF1,1.75,30,,,,
136286,822194,EFU,0.2,30,,,,
136286,822196,EF1,0.75,25,,,,
135129,813556,EF0,0.33,25,,,,
136732,820409,EF1,10.6,75,,,,
136732,820413,EF1,11.07,350,RAH,NC,83,HALIFAX
136875,821253,EF0,0.43,50,,,,
134696,811342,EF0,0.6,50,,,,
136768,820690,EF3,8.11,250,,,,
136768,821313,EF1,2.22,60,,,,
135800,815343,EF1,1.15,250,FWD,TX,395,ROBERTSON
136920,821952,EF0,0.6,200,,,,
136920,821954,EF0,17.7,100,,,,
136920,821956,EF1,8.3,200,,,,
136286,822190,EF1,0.2,30,OUN,OK,99,MURRAY
135812,818831,EF1,2.89,250,,,,
135799,815105,EF0,0.31,150,,,,
136054,817209,EF1,3.68,100,SGF,MO,213,TANEY
135669,814049,EF0,1.48,100,,,,
136732,820419,EF1,0.67,350,,,,
136732,820424,EF1,6.17,100,AKQ,NC,131,NORTHAMPTON
136803,821277,EF0,1,150,,,,
136803,821278,EF0,1.09,50,,,,
136875,821264,EF0,0.53,75,,,,
136312,818067,EF1,8.3,300,,,,
136920,821965,EF2,3.1,200,,,,
136920,821971,EF0,2.9,100,,,,
136920,821973,EF0,1.8,150,,,,
135800,815344,EF3,29.81,250,FWD,TX,289,LEON
135800,815345,EF0,1.52,100,,,,
136054,818093,EF0,0.4,50,,,,
136051,816726,EF0,1.04,200,,,,
135163,810250,EF0,0.99,80,,,,
136732,820452,EF2,10.1,600,,,,
136732,820455,EF1,1.6,300,,,,
136506,819337,EF1,1.63,200,,,,
136802,820825,EF0,2.18,325,,,,
136802,820826,EF1,6.3,1175,,,,
137893,828628,EF0,0.5,75,,,,
137893,828629,EF1,0.95,150,,,,
137893,828631,EF1,2,150,,,,
136920,821997,EF2,2,300,,,,
136920,822002,EF0,1.8,100,,,,
136920,822003,EF0,1.4,100,,,,
136819,820934,EF1,0.82,20,,,,
136819,820953,EF1,1.61,75,,,,
136819,820939,EF1,1.73,50,,,,
136819,820945,EF0,1.72,50,,,,
136819,820972,EF2,1.6,50,,,,
136819,820978,EF1,0.62,50,,,,
136819,820981,EF1,0.27,100,,,,
135691,814192,EF0,0.35,100,,,,
136034,817490,EF0,0.42,30,,,,
136035,816319,EF0,6.14,200,,,,
136035,816317,EF0,0.42,200,FGF,MN,87,MAHNOMEN
137108,827450,EFU,0.01,25,,,,
136035,816322,EF1,3.5,200,,,,
138383,832029,EF0,1.8,100,,,,
136013,816219,EF0,0.6,50,,,,
135841,816280,EF0,2.39,50,,,,
135953,815770,EF0,0.18,30,,,,
135841,816287,EF0,0.79,50,,,,
138056,829642,EF1,1.3,900,,,,
137109,828772,EFU,0.24,50,,,,
138524,832810,EF1,3.82,100,,,,
135725,814296,EF0,0.06,30,,,,
137203,823552,EF2,4.55,850,SHV,TX,159,FRANKLIN
135841,816292,EF2,9.5,200,,,,
138056,829932,EF1,9.07,400,,,,
137253,823900,EF0,0.89,20,,,,
136853,821095,EF0,0.08,10,,,,
136853,821098,EF0,0.13,10,,,,
135391,813326,EF0,0.03,20,,,,
135841,816145,EF0,21.74,75,,,,
135841,816293,EF0,2.07,50,,,,
140660,845569,EF0,0.5,5,,,,
136295,817933,EF1,1.67,700,PBZ,OH,119,MUSKINGUM
136295,817940,EF0,0.12,100,,,,
135841,816148,EF0,2.62,50,,,,
138967,835887,EF0,1.6,40,,,,
138175,830366,EFU,0.25,20,,,,
138175,830367,EFU,0.25,20,,,,
137201,823549,EF0,1.06,75,,,,
136032,816294,EF1,4.08,150,,,,
138175,830369,EFU,0.25,20,,,,
137203,823561,EF0,3.36,100,,,,
137228,823679,EFU,0.4,10,,,,
136032,816300,EF0,0.24,75,,,,
136032,816303,EF0,4.5,150,,,,
136629,819625,EF1,1.56,200,,,,
136837,821008,EF1,0.9,250,,,,
136837,821014,EF1,0.85,250,,,,
136837,821018,EF1,1.01,250,,,,
137311,824212,EF1,1.1,295,,,,
140334,843840,EF1,1.3,160,,,,
137379,824754,EF0,0.01,25,,,,
135368,811742,EFU,0.01,30,,,,
135368,811752,EFU,0.01,30,,,,
134879,808421,EF0,0.1,20,,,,
134879,808422,EF0,0.3,20,,,,
135084,809791,EF1,1.44,200,,,,
135084,809805,EF0,1.01,140,,,,
132944,795410,EF0,0.19,25,,,,
134170,803584,EF0,0.56,150,,,,
135084,809803,EF0,4.03,350,BMX,AL,127,WALKER
135084,809789,EF0,1.08,200,,,,
134170,803615,EF0,2.98,100,,,,
134170,803620,EF0,0.89,100,,,,
134170,803629,EF0,0.81,200,,,,
135084,809790,EF1,7.77,700,BMX,AL,57,FAYETTE
133739,800326,EF1,2.5,100,,,,
134172,803578,EF1,2.05,150,,,,
133741,800329,EF1,1.4,30,,,,
137246,823800,EF1,2.3,550,,,,
137246,823781,EF0,0.5,100,,,,
137246,823783,EF0,0.75,75,,,,
137178,823312,EF1,0.72,200,,,,
137227,823716,EF1,4.6,1000,,,,
133333,797876,EF0,7.5,150,,,,
133307,798027,EF0,0.56,25,,,,
137225,824220,EF0,0.39,30,,,,
135921,815623,EF1,0.81,270,,,,
139102,836911,EF1,0.2,202,,,,
138440,837301,EF1,3,100,OUN,OK,39,CUSTER
138440,837302,EF1,0.15,100,,,,
138440,837308,EF0,1.3,300,,,,
137125,822831,EF0,0.05,15,,,,
137125,822834,EF0,0.12,30,,,,
139517,839327,EFU,0.1,10,,,,
139444,838777,EF0,0.01,10,,,,
136251,817696,EF0,4.22,50,,,,
142851,862850,EF1,7.2,1100,,,,
138441,837317,EF0,0.2,20,,,,
138441,837324,EF0,0.2,20,,,,
138442,837328,EF1,1,50,,,,
137246,823785,EF2,9.1,2700,,,,
137363,824550,EF0,1.7,35,,,,
142851,862865,EF0,8.3,400,,,,
142851,862874,EF1,2.9,600,,,,
136079,816579,EF0,0.2,50,,,,
137246,823801,EF1,0.7,75,,,,
137246,823803,EF0,0.6,100,,,,
142648,856409,EF3,15.76,1300,,,,
139628,839871,EF0,0.65,60,,,,
142851,862906,EF1,5.8,900,TSA,AR,7,BENTON
143330,859789,EF1,0.91,100,,,,
138115,830264,EF1,4.3,200,,,,
142648,856475,EF1,2.83,350,,,,
137226,823678,EF0,1.4,400,TSA,OK,97,MAYES
137226,823681,EF1,8.7,400,,,,
137445,825410,EF0,2.14,50,,,,
138423,832296,EF0,1.29,10,,,,
137356,824529,EF1,2.11,35,,,,
139639,839954,EF0,1.42,75,,,,
138569,833477,EF0,0.31,30,,,,
137226,823683,EF0,2.1,100,,,,
137226,823684,EF1,1.2,100,,,,
134690,851469,EF1,1.1,70,,,,
137911,828827,EF1,0.38,75,,,,
138466,832574,EF0,0.07,5,,,,
137226,823685,EF0,0.3,400,TSA,AR,131,SEBASTIAN
138786,838296,EFU,0.15,25,,,,
138847,835163,EF0,0.71,15,,,,
134690,851470,EF1,6.31,80,,,,
138070,830266,EF0,0.32,50,,,,
143330,859853,EF1,3.31,100,,,,
143330,859855,EF0,0.09,25,,,,
143330,859950,EF1,1.34,75,,,,
137830,828152,EF0,0.18,70,,,,
136645,820067,EFU,0.08,40,,,,
136252,817962,EF0,1.38,50,,,,
136830,821043,EF0,0.37,30,,,,
136830,821072,EF0,0.46,30,,,,
137180,823280,EF0,0.01,25,,,,
137142,823064,EF1,0.96,75,,,,
137551,826335,EF1,0.23,50,,,,
139446,838800,EFU,0.1,10,,,,
139080,836514,EF0,0.25,400,,,,
136659,819891,EF0,1.33,30,,,,
137584,826696,EF1,2.8,120,,,,
139446,838801,EFU,0.1,10,,,,
137921,828886,EF0,0.05,20,,,,
137142,823271,EF1,1.47,150,PAH,KY,221,TRIGG
136305,818028,EF2,3.6,400,,,,
139102,836830,EF0,0.22,50,,,,
139102,836833,EF1,1.57,100,,,,
139102,836834,EF1,0.45,311,,,,
136863,821173,EF0,0.06,25,,,,
136863,821175,EF0,0.07,25,,,,
137909,829357,EF2,1.44,175,,,,
138070,830270,EF1,2.07,200,PHI,NJ,7,CAMDEN
137912,828828,EF1,4.09,250,,,,
137142,823272,EF1,0.61,150,,,,
137142,823066,EF0,2.81,60,,,,
138548,832944,EF1,1.27,150,,,,
139102,836878,EF0,0.37,115,,,,
139102,836884,EF1,0.75,100,,,,
138068,830265,EF1,4.56,580,,,,
137142,823046,EF1,0.76,50,,,,
137551,826319,EF1,0.93,100,,,,
137551,826324,EF1,15.98,150,,,,
142417,854917,EF0,1.96,100,,,,
137142,823053,EF1,4.35,200,,,,
137142,823063,EF1,7.59,175,,,,
137551,826320,EF1,0.15,150,,,,
137551,826323,EF1,1.3,150,PAH,KY,145,MCCRACKEN
137551,826327,EF1,0.5,140,,,,
137551,826331,EF1,0.79,125,,,,
138191,831807,EF0,0.11,20,,,,
137356,824517,EF0,0.1,20,,,,
137356,824534,EF0,1.6,100,,,,
139102,836899,EF1,0.12,104,LCH,LA,1,ACADIA
139102,836902,EF1,1.26,186,,,,
139102,836903,EF1,0.97,93,,,,
139102,836905,EF1,1,419,,,,
137771,830707,EF1,10.9,1400,TSA,OK,143,TULSA
137771,830710,EF1,1.6,900,,,,
137725,830637,EFU,0.8,75,,,,
137813,828073,EF0,0.92,100,,,,
138066,834123,EFU,0.01,10,,,,
138066,834126,EF0,1.28,132,,,,
139316,837859,EF0,0.75,60,,,,
136739,832917,EF1,5.39,550,,,,
137771,830733,EF0,0.9,400,,,,
137771,830735,EF0,0.2,75,,,,
137725,830276,EFU,0.5,100,,,,
137725,830317,EF0,0.2,75,,,,
137725,830330,EF1,5.1,350,,,,
137725,830344,EF1,1.5,150,,,,
136819,820965,EF1,0.52,75,,,,
137898,828717,EF0,12.62,50,,,,
138066,834127,EF1,0.21,100,,,,
138066,834129,EF0,0.12,50,,,,
136739,832919,EF0,2.03,50,,,,
136739,832921,EF0,0.52,30,,,,
137771,830702,EF1,2.6,200,,,,
137771,830739,EF0,3.2,300,,,,
137725,830277,EF1,0.8,75,,,,
137772,830757,EF0,1.5,100,,,,
138938,835578,EF1,7.85,350,,,,
137246,823788,EF1,6.9,600,,,,
138710,834164,EFU,3.73,10,DVN,IA,55,DELAWARE
138710,834172,EFU,3.53,10,,,,
138710,834169,EFU,6.43,10,,,,
138816,841258,EF0,1.25,100,,,,
138978,835908,EF0,0.08,10,,,,
137725,830696,EF1,2.6,1100,TSA,OK,41,DELAWARE
137725,830699,EF1,6,1100,,,,
138101,829869,EF1,0.27,50,,,,
138938,835580,EF0,0.83,75,,,,
136323,818105,EF0,0.03,20,,,,
137246,823784,EF2,11.9,2700,TSA,OK,41,DELAWARE
138710,834170,EFU,1.05,10,,,,
139401,841282,EF0,0.48,10,,,,
139401,841283,EF0,2.01,250,,,,
138651,837744,EF1,8.11,200,,,,
138440,837306,EF2,6.25,500,,,,
138440,837309,EF1,1.5,400,,,,
138440,837313,EF1,5.2,50,,,,
138441,837316,EF0,0.2,20,,,,
137771,830724,EF1,6.5,2200,,,,
137771,830719,EF1,5.8,2200,TSA,OK,143,TULSA
137246,823782,EF1,4.4,450,,,,
138748,834402,EF2,1.82,260,,,,
138408,839304,EFU,0.1,250,,,,
138651,837745,EF2,3.68,400,,,,
137771,830731,EF0,0.9,400,TSA,OK,145,WAGONER
138094,829794,EF1,2.82,50,,,,
137725,830315,EF0,0.2,75,,,,
137246,823798,EF1,1.6,75,,,,
138748,834404,EF2,1.3,300,,,,
138748,834395,EFU,0.83,40,,,,
138651,837746,EF2,3.52,400,,,,
139847,841279,EF0,0.4,10,,,,
137226,823675,EF0,3.7,350,,,,
138357,835762,EF1,5.82,720,,,,
137488,832236,EF1,5.28,60,,,,
138542,832926,EF0,0.02,30,,,,
137771,830704,EF1,10.7,1000,,,,
137246,823799,EF0,0.4,75,,,,
138992,836059,EF0,17.4,50,,,,
138651,837748,EF1,1.86,200,,,,
137488,832239,EF1,5.37,80,,,,
138115,836115,EF0,0.7,75,,,,
139445,838789,EF1,1.76,250,,,,
137725,830679,EF2,16.5,1100,SGF,MO,119,MCDONALD
137725,832380,EFU,1,50,,,,
137725,830634,EFU,1,75,TSA,OK,131,ROGERS
138019,829771,EF1,1.25,75,,,,
138651,837749,EF0,0.89,100,,,,
138651,837753,EF0,0.64,50,,,,
138115,830234,EF0,1.6,300,ILN,OH,131,PIKE
138115,830235,EF1,7.7,300,,,,
134567,806327,EF1,3.43,200,MEG,MS,141,TISHOMINGO
139445,838792,EF1,0.94,100,,,,
137725,830691,EF0,0.5,150,,,,
139683,840165,EF0,0.96,20,,,,
138651,837772,EF2,14.48,200,,,,
141186,848225,EFU,1.24,10,,,,
138223,830734,EF0,5.1,75,ILN,OH,15,BROWN
137401,838494,EF0,0.21,20,,,,
142547,867246,EFU,1.37,10,,,,
137725,830640,EF1,4.5,1100,SGF,KS,21,CHEROKEE
137725,830644,EF1,3.1,650,,,,
136342,818311,EFU,14.59,150,,,,
138749,834405,EF1,0.68,40,,,,
134567,809551,EF2,4.87,200,,,,
139125,836776,EF1,0.31,60,,,,
137725,830648,EFU,0.2,75,,,,
137725,830649,EFU,0.2,100,,,,
137725,830653,EF1,5.3,400,,,,
139175,837050,EF0,0.01,20,,,,
139746,840512,EF0,2.45,50,,,,
136986,822063,EFU,0.29,30,,,,
139120,836756,EFU,0.1,5,,,,
139182,837211,EF0,0.11,10,,,,
139182,839408,EF0,0.1,10,,,,
137725,830314,EF1,3.3,400,,,,
137725,830647,EFU,0.2,100,,,,
139746,840513,EF0,2.08,200,,,,
138817,841531,EF0,2,200,,,,
136384,818516,EF0,0.01,25,,,,
136387,818521,EF0,0.01,25,,,,
138817,841532,EF0,1.25,50,,,,
139889,841479,EF1,0.6,75,,,,
139889,841482,EF1,4.6,125,,,,
137699,827240,EF1,2.43,200,,,,
137518,825931,EFU,0.01,10,,,,
137725,830280,EF1,0.6,125,,,,
138817,841535,EF1,1.7,150,,,,
138817,841538,EF1,3,150,,,,
137227,823715,EF1,2.7,1000,TSA,AR,47,FRANKLIN
139889,841526,EF1,1.6,125,OHX,TN,111,MACON
139136,836844,EF0,1,45,,,,
137699,827241,EF1,1.94,50,,,,
138101,829844,EF1,1.14,150,,,,
137725,830306,EF1,4.4,400,TSA,OK,111,OKMULGEE
137725,830281,EF1,6,650,,,,
138065,833864,EF2,1.57,500,,,,
137227,823705,EF1,3.5,600,,,,
143661,862076,EF1,2.74,100,,,,
135643,820803,EF1,8.82,1400,,,,
135371,811787,EF2,17.2,2112,,,,
137386,824900,EF0,3.2,50,LUB,TX,369,PARMER
135634,813827,EF2,6.75,830,,,,
137227,823717,EF1,1.6,300,,,,
140976,847006,EF1,6.25,200,,,,
140976,847007,EF0,1.5,75,ILX,IL,173,SHELBY
140976,847010,EF0,0.41,50,,,,
135371,811801,EF1,5,880,,,,
137386,824882,EF2,8.03,100,,,,
136799,846019,EF0,1.35,25,,,,
140795,846262,EFU,0.01,2,,,,
142682,856499,EF0,1.42,50,UNR,SD,33,CUSTER
136342,818309,EFU,3.1,50,TOP,KS,61,GEARY
135643,813884,EF1,5.52,1760,JAN,MS,79,LEAKE
135643,813890,EF1,9.83,1600,JAN,MS,99,NESHOBA
134808,811062,EF1,10.43,350,,,,
137253,823873,EF0,1.91,20,EWX,TX,149,FAYETTE
137386,824894,EF0,12.83,100,,,,
137253,823874,EF0,4.17,20,,,,
136063,816506,EF1,0.4,100,,,,
136063,816482,EF1,0.57,75,,,,
142910,857478,EF2,0.7,75,,,,
134933,818363,EF1,1.5,75,,,,
134934,808799,EF2,2.89,75,,,,
135681,825539,EFU,0.2,10,,,,
135681,825540,EF0,1.89,20,,,,
136629,819622,EF1,1.34,200,,,,
137834,828224,EF0,0.96,100,,,,
136614,823450,EF0,0.23,50,,,,
135643,813852,EF1,16.1,600,JAN,MS,121,RANKIN
135643,813873,EF0,1.97,50,JAN,MS,123,SCOTT
136612,823485,EF1,9.75,600,,,,
136621,823522,EF0,0.01,75,,,,
137807,863432,EFU,0.87,100,LBF,NE,63,FRONTIER
135643,821246,EF0,9.25,1000,,,,
137456,827142,EFU,0.19,50,,,,
137456,827140,EF1,1.35,75,,,,
135643,813888,EF1,5.52,1760,,,,
135643,820800,EF1,0.31,75,JAN,MS,99,NESHOBA
137253,823906,EF2,2.44,75,,,,
140882,854338,EF0,1.93,50,,,,
137234,832305,EF2,5.89,100,,,,
136629,819609,EF0,1.75,50,,,,
136629,819610,EF1,6.53,150,ILX,IL,129,MENARD
136629,819611,EF1,0.95,150,ILX,IL,107,LOGAN
142443,855046,EF0,0.01,15,,,,
135634,838471,EF1,1.27,100,,,,
135643,821254,EF1,2.02,500,,,,
135643,820802,EF1,0.29,75,,,,
137234,832307,EF1,0.17,50,,,,
137234,832310,EF1,2.45,200,,,,
136629,819613,EF1,7.77,150,,,,
136629,819618,EF1,2.7,100,,,,
136837,820994,EF1,1.15,200,,,,
135086,809852,EF0,0.97,50,,,,
135429,812575,EF0,2.5,75,,,,
139400,838527,EFU,1.41,30,,,,
136620,824051,EF0,0.01,25,,,,
137227,823709,EF0,2,400,,,,
137442,825388,EFU,0.81,50,,,,
137442,825389,EFU,0.56,50,,,,
136837,821001,EF1,0.72,150,,,,
134805,818378,EF2,18,400,,,,
135428,812567,EF1,0.48,25,,,,
136612,823486,EF0,1.58,150,,,,
136624,823495,EF2,1.28,880,,,,
138414,833175,EF1,0.14,50,,,,
135032,818364,EF2,4.9,200,,,,
134869,818327,EF1,1.25,350,,,,
135428,812568,EF1,0.57,25,,,,
136619,824050,EF1,1.9,500,,,,
136905,821558,EF2,4.67,2000,JAN,AR,3,ASHLEY
138101,840685,EF1,0.5,400,,,,
135483,816515,EF0,1.9,100,,,,
135643,821232,EF1,0.31,180,JAN,MS,99,NESHOBA
135643,821236,EF0,10.95,1000,,,,
135643,821247,EF0,6.08,800,,,,
135643,821248,EF1,2.91,100,,,,
137312,824304,EFU,1.06,30,,,,
142063,853439,EF1,5.73,420,,,,
139648,839988,EF0,0.15,30,,,,
135643,821233,EF1,1.95,250,,,,
135643,821256,EF1,9.51,600,,,,
135643,821257,EF1,3.07,150,,,,
139339,845339,EF0,0.52,25,,,,
137312,824305,EFU,0.01,30,,,,
142209,853857,EFU,0.67,25,,,,
142063,853440,EF0,5.72,500,,,,
137312,824309,EF2,1.69,100,,,,
135086,809627,EF0,1.2,75,,,,
136063,816487,EFU,0.22,50,,,,
142063,853438,EF1,3.43,600,,,,
136903,821560,EF1,11.32,1200,,,,
136070,816520,EFU,0.22,50,,,,
135409,813242,EFU,0.01,30,,,,
136063,816512,EFU,0.18,50,,,,
136063,816513,EFU,0.27,50,,,,
134769,853692,EF1,6.2,50,,,,
136063,816488,EF0,0.5,75,,,,
135643,821249,EF0,1.35,50,,,,
135643,821251,EF1,0.13,100,JAN,MS,103,NOXUBEE
138101,829860,EF1,1.04,400,PBZ,PA,5,ARMSTRONG
137725,830316,EF0,0.2,75,,,,
135409,813243,EFU,1.51,600,,,,
135643,813853,EF1,11.26,600,,,,
135643,813893,EF1,2.1,300,,,,
135634,845978,EF0,0.85,200,,,,
135643,821238,EF0,3.34,3.33,,,,
135643,821240,EF1,2,1.91,,,,
135643,821252,EF1,6.52,700,,,,
135643,821569,EF1,1.41,200,,,,
135643,813864,EF0,0.86,600,JAN,MS,121,RANKIN
134806,818338,EF1,1.45,150,,,,
134807,818330,EF2,3.69,300,,,,
135409,813244,EFU,5.35,150,,,,
137312,824308,EFU,4.64,100,,,,
137580,826663,EF0,6.5,75,,,,
135643,813874,EF0,0.41,50,,,,
136063,816491,EF0,0.35,200,,,,
136063,816514,EF0,0.79,75,,,,
136612,823484,EF1,4.43,400,,,,
135643,820795,EF1,4.1,350,JAN,MS,99,NESHOBA
135643,820797,EF1,1.86,350,,,,
135643,821245,EF1,1.34,100,,,,
135643,813891,EF1,0.07,50,,,,
135643,813889,EF1,10.34,1000,,,,
134868,818326,EF1,5.37,350,,,,
134544,806179,EF1,6.1,219,,,,
137386,824874,EF0,1.76,50,,,,
135643,821231,EF1,1.38,180,,,,
135634,813830,EF1,7.03,300,,,,
135642,813838,EF1,4.98,950,,,,
135642,813839,EF1,0.97,840,,,,
135634,813824,EF1,1.91,200,,,,
135643,813851,EF0,1,50,JAN,MS,127,SIMPSON
138906,835967,EF0,1.54,50,,,,
138906,835968,EF0,0.42,25,,,,
138906,835981,EF2,10.4,875,DDC,KS,47,EDWARDS
138906,835983,EF2,4.46,620,,,,
138906,835993,EF2,7.6,565,DDC,KS,145,PAWNEE
138906,835996,EF2,3.32,490,,,,
137244,823774,EF1,2.48,150,,,,
142886,857378,EF0,0.09,15,,,,
135643,813854,EF0,0.64,200,,,,
135643,813856,EF1,2.32,150,,,,
135643,813858,EF1,3.13,50,,,,
135634,813813,EF2,2.74,175,,,,
135643,813846,EF1,6.57,500,,,,
138422,845629,EF0,0.01,7,,,,
135428,812570,EF0,0.06,75,HUN,TN,103,LINCOLN
143266,859370,EF0,0.05,10,,,,
143035,858541,EF1,0.25,150,,,,
143035,858542,EF1,2.8,100,,,,
143588,861623,EFU,0.18,10,,,,
136026,816311,EF1,0.97,150,,,,
142890,857381,EF0,0.26,50,,,,
142886,857380,EF1,4.76,75,,,,
135643,813882,EF1,10.3,900,,,,
135643,813879,EF1,8.5,1320,,,,
135634,838470,EF0,0.28,100,JAN,MS,51,HOLMES
135634,813829,EF2,8.43,700,,,,
135965,815878,EF0,0.01,25,,,,
135965,815881,EF0,0.01,25,,,,
135965,815880,EF0,0.01,25,,,,
138906,835976,EF3,18.58,600,,,,
143172,858837,EF1,0.47,100,,,,
136052,817483,EF3,10.84,250,,,,
136052,818111,EF1,1.42,100,,,,
137838,830339,EFU,0.01,10,,,,
138913,836046,EF0,0.22,50,,,,
138913,836044,EF1,8.66,100,DDC,KS,185,STAFFORD
138913,836033,EF0,1.71,25,,,,
140552,844880,EF0,0.1,100,,,,
135965,815882,EF0,0.01,25,,,,
139184,837212,EF0,0.14,25,,,,
139184,837213,EFU,1.32,50,,,,
136026,816258,EF1,4.41,150,,,,
142645,856288,EF2,0.47,250,,,,
138900,835605,EF0,0.57,75,,,,
138900,835608,EF1,1.08,100,,,,
138913,836029,EF1,1.83,25,,,,
138913,836036,EF1,1.27,25,,,,
138913,836027,EF1,1.86,25,,,,
138913,836039,EF1,3.09,50,,,,
139359,864744,EFU,0.57,100,,,,
142497,855363,EF0,4.22,40,,,,
135968,815917,EF0,0.02,50,,,,
135968,815920,EF0,0.01,25,,,,
135642,813840,EF0,2.81,50,,,,
135642,813841,EF0,4.43,50,,,,
138906,835998,EFU,0.8,50,,,,
142735,857310,EF0,0.12,50,,,,
141647,850799,EF1,3.82,75,,,,
142886,857373,EF0,0.3,25,,,,
135968,815922,EF0,0.01,25,,,,
135968,815927,EF0,0.01,25,,,,
135968,815928,EF0,0.01,25,,,,
135634,813831,EF1,4.57,200,,,,
135643,813867,EF1,1.12,50,,,,
135643,813869,EF1,4.49,1100,,,,
138422,845630,EF0,0.01,7,,,,
138422,845631,EF0,0.01,7,,,,
135965,815883,EF0,0.02,50,,,,
142888,857363,EF1,2.86,100,,,,
142888,857365,EF0,0.38,30,,,,
135643,813871,EF0,1.6,450,,,,
135634,813817,EF1,0.51,50,,,,
135634,813818,EF1,4.86,300,,,,
135634,813823,EF1,2.19,250,JAN,MS,129,SMITH
136052,817672,EF1,2.15,300,ILN,OH,109,MIAMI
142770,856908,EF0,0.11,120,,,,
142854,857222,EF0,1.88,100,,,,
142888,857367,EF1,5.43,60,,,,
142888,857369,EF0,2.47,20,,,,
142888,857370,EF0,4.87,40,,,,
139729,846256,EF0,1.42,100,,,,
135086,859703,EF0,1.13,50,OHX,TN,187,WILLIAMSON
138906,835966,EFU,3.86,50,,,,
142360,854651,EFU,0.05,20,,,,
142671,857044,EF1,4.87,150,,,,
142888,857372,EF0,2.12,50,,,,
142888,857375,EF0,4.4,20,,,,
135634,813835,EF2,18.21,700,JAN,MS,163,YAZOO
136063,816492,EF1,0.14,300,,,,
142363,854717,EF1,0.68,90,,,,
142888,857377,EF0,7.13,40,,,,
142888,857379,EF2,9.31,200,,,,
142888,857382,EF1,2.56,50,,,,
142969,858074,EFU,0.05,25,,,,
142554,855818,EF1,4.69,60,,,,
142910,857477,EF2,0.63,50,,,,
135634,813832,EF2,6.09,400,,,,
135634,813836,EF0,2,200,,,,
135634,813815,EF0,2.92,25,,,,
135059,809406,EF1,0.79,50,,,,
135086,859704,EF0,0.27,25,,,,
136068,816518,EF2,2.22,880,GID,KS,141,OSBORNE
143090,858420,EF0,0.04,40,,,,
136052,817480,EF3,9.37,1230,,,,
142888,857383,EF0,4.12,35,,,,
136052,816403,EF4,18.17,1050,,,,
135643,821243,EF1,3.15,700,,,,
135643,813842,EF1,8.32,1100,JAN,MS,21,CLAIBORNE
135643,813859,EF1,7.53,400,JAN,MS,121,RANKIN
135643,813872,EF1,3.47,950,,,,
135643,813875,EF1,4.83,150,,,,
135634,813826,EF2,2.06,830,JAN,MS,105,OKTIBBEHA
138428,856500,EF0,3.25,50,,,,
143580,861556,EFU,0.01,50,,,,
142701,856622,EF0,1.5,200,,,,
138900,835610,EFU,0.42,75,,,,
138900,835613,EFU,0.73,75,,,,
135634,813820,EF1,1.81,400,JAN,MS,155,WEBSTER
135634,813822,EF0,0.34,100,,,,
135643,813844,EF1,0.12,475,,,,
135643,813861,EF1,3.78,400,,,,
143323,859725,EF0,0.87,25,,,,
141204,867797,EFU,0.01,50,,,,
136052,817746,EF2,5.31,400,,,,
143172,858836,EF1,1.14,50,,,,
143172,858838,EF0,0.07,50,,,,
143318,862272,EF1,4.47,100,,,,
143318,862276,EF1,4.85,200,,,,
135642,813837,EF1,17.25,1230,,,,
136624,823494,EF2,20.91,880,GID,KS,123,MITCHELL
136052,818159,EF0,5.59,200,,,,
136052,818138,EF0,0.22,30,,,,
136052,818384,EF1,3.77,150,,,,
136052,818383,EF1,1.64,75,,,,
142935,857568,EF0,7.14,80,,,,
141203,867550,EFU,0.01,50,,,,
136052,818109,EF1,1.31,150,,,,
142888,858076,EF0,0.31,25,,,,
141203,848306,EF1,1.58,100,,,,
135643,813847,EF2,11.03,1320,,,,
135643,813850,EF2,12.77,1320,,,,
135634,813810,EF2,4.33,440,,,,
135643,813877,EF1,2.57,150,,,,
135060,809420,EF1,1.72,125,,,,
142852,862911,EF1,3.3,900,,,,
142187,854389,EF1,1.08,100,,,,
142935,857606,EF1,4.36,100,MKX,WI,133,WAUKESHA
142935,857626,EF1,8.47,100,,,,
135968,815911,EF0,0.01,25,,,,
135968,815912,EF0,0.01,25,,,,
135968,815913,EF0,0.01,25,,,,
142888,857364,EF0,0.53,30,,,,
139710,846254,EF0,1.19,10,,,,
135643,813878,EF2,6.02,560,,,,
135643,813880,EF1,2.85,200,JAN,MS,79,LEAKE
135634,813828,EF1,4.46,400,,,,
138567,835219,EF1,2.63,440,,,,
135065,809458,EF2,4.41,150,,,,
142852,862916,EF2,31.4,2640,,,,
142187,854503,EF0,0.34,30,,,,
142187,853690,EF2,11.45,525,,,,
136052,817681,EF3,8.34,1320,,,,
142933,857529,EF0,0.8,50,,,,
135643,813865,EF2,8.52,600,,,,
139229,846243,EF1,1.66,250,,,,
139229,846245,EF1,0.3,200,,,,
139229,846247,EF1,1.22,200,,,,
141202,848305,EF1,1.23,175,,,,
136052,818110,EF1,0.45,200,,,,
141203,867551,EFU,0.01,50,,,,
138901,835747,EFU,2.81,150,,,,
138901,835749,EFU,4.74,50,,,,
142827,857115,EF0,2.73,50,,,,
139359,838273,EFU,1.12,100,,,,
138913,836026,EF1,0.74,25,,,,
137746,827847,EF1,0.56,250,,,,
137746,827852,EF0,1.94,50,LSX,MO,183,ST.,CHARLES
137746,827854,EF1,4,250,,,,
138929,847039,EF0,0.01,25,,,,
140070,843558,EF0,0.27,20,,,,
138887,835393,EFU,0.1,100,,,,
139921,841803,EF0,0.04,30,,,,
140215,843556,EF0,0.23,30,,,,
140221,843548,EF0,0.86,50,,,,
140221,843549,EF0,1.63,50,,,,
140156,843175,EF0,5.29,75,,,,
140215,843557,EF1,0.28,40,,,,
141424,855409,EF0,0.1,25,,,,
140661,845570,EF0,0.5,1,,,,
137892,828617,EF1,1.5,100,,,,
138303,831543,EF1,0.5,100,,,,
137933,829419,EF1,2.62,100,,,,
136026,816302,EF1,3.96,120,,,,
139492,845913,EFU,0.4,25,,,,
139432,838692,EF0,0.95,50,,,,
137892,828620,EF0,0.2,50,,,,
137893,828627,EF1,2,100,,,,
136758,863430,EF0,2.11,50,,,,
142826,857097,EF0,0.31,20,,,,
137755,827563,EF1,3.98,500,,,,
138875,848075,EF1,0.2,50,,,,
140764,846373,EF0,1.24,175,,,,
140764,846376,EF1,0.22,100,,,,
138324,831783,EFU,0.02,50,,,,
140807,846326,EF1,5.52,250,,,,
137793,834474,EFU,0.27,20,,,,
137794,834477,EFU,0.94,20,,,,
137755,828801,EFU,3.61,20,,,,
137999,829338,EFU,0.01,10,,,,
141012,847234,EF1,1.69,50,,,,
141079,847648,EF0,0.41,5,,,,
140807,846331,EF1,0.25,50,,,,
140807,846467,EF1,2.77,250,,,,
142108,853250,EFU,2.18,100,,,,
141230,848419,EF0,0.3,50,,,,
141230,848423,EF0,0.33,50,,,,
137999,829340,EFU,2.03,200,,,,
140932,846876,EFU,0.06,10,,,,
140932,846877,EFU,0.04,10,,,,
141230,848424,EF0,0.34,50,,,,
141230,848425,EF0,0.4,50,,,,
137806,828022,EF1,0.57,440,SGF,KS,37,CRAWFORD
137806,828169,EF1,1.62,440,,,,
141202,867796,EFU,0.95,50,,,,
137753,828736,EFU,1.18,20,,,,
142108,853251,EFU,3.53,100,,,,
142108,853253,EFU,4.19,100,,,,
140771,846225,EF0,0.1,5,,,,
142148,853526,EFU,0.71,50,,,,
141102,847786,EF0,0.5,20,,,,
136026,816285,EF0,3.64,120,ILN,OH,113,MONTGOMERY
140069,842734,EF0,0.48,25,,,,
141499,850375,EF1,1.58,120,,,,
141499,850374,EF3,5.4,710,,,,
141340,848827,EF0,0.19,50,,,,
141341,848828,EF0,0.09,50,,,,
141581,853547,EF1,3.4,500,OUN,OK,109,OKLAHOMA
141581,853548,EF0,0.12,100,,,,
141325,848783,EF1,1.72,100,,,,
139289,837734,EF0,0.25,100,,,,
139096,843733,EF1,0.21,200,,,,
141397,849170,EF0,0.45,30,,,,
138918,835503,EF0,0.32,25,,,,
138918,835504,EF0,5.89,25,,,,
139666,840492,EF0,2.97,50,,,,
141797,851207,EFU,0.5,10,,,,
138846,835149,EF0,0.01,25,,,,
138846,835152,EF0,0.01,25,,,,
138846,835153,EF0,0.01,25,,,,
137806,828160,EF1,2.82,1000,,,,
143328,861160,EF0,1.41,20,,,,
136052,818128,EF0,3.95,150,,,,
136052,818160,EF0,1.07,50,,,,
142332,854596,EF0,0.09,20,,,,
138846,848863,EF0,0.01,25,,,,
138846,848864,EF0,0.01,25,,,,
138846,848865,EF1,0.11,200,GLD,CO,125,YUMA
142175,853649,EF0,0.1,20,,,,
142178,853654,EF0,0.1,20,,,,
136052,818113,EF0,0.74,50,ILN,OH,113,MONTGOMERY
136052,818119,EF0,2.31,50,,,,
139894,841540,EF0,0.02,50,,,,
139009,840848,EF0,0.33,25,,,,
140680,845633,EF1,1.5,50,,,,
136052,818123,EF0,2.03,50,,,,
138709,834163,EF0,6.2,90,,,,
139009,840849,EF0,0.1,10,,,,
141902,851886,EF0,0.09,10,,,,
144571,867957,EF0,1.8,30,,,,
142203,853726,EF0,0.13,10,,,,
141907,851902,EF0,0.3,75,,,,
136052,817478,EF2,0.55,1230,ILN,OH,57,GREENE
136052,817685,EF2,7.57,440,,,,
140038,842499,EFU,1.3,50,,,,
141401,853503,EF1,0.1,20,,,,
141217,848384,EF1,0.25,50,,,,
139354,838223,EFU,1.56,50,,,,
139356,838234,EFU,0.53,100,,,,
141401,853504,EF0,0.1,20,,,,
138827,835026,EF0,0.02,25,,,,
142547,867247,EFU,2.86,10,,,,
143328,861163,EF1,16.32,450,,,,
143328,861167,EF0,0.11,50,,,,
141034,847293,EFU,0.41,50,,,,
141539,849809,EF0,0.83,30,,,,
139666,840493,EF1,2.31,50,,,,
143328,861171,EF1,1.11,450,,,,
143328,861184,EF1,6.23,450,SGF,MO,67,DOUGLAS
139827,841081,EF0,2.49,125,,,,
143328,861185,EF1,6.71,450,,,,
143328,861186,EF1,11.88,150,,,,
141441,849450,EF1,0.3,50,,,,
141401,849197,EF0,1.3,20,,,,
143328,861197,EF0,4.2,100,SGF,MO,77,GREENE
143328,861198,EF0,0.52,100,,,,
139359,838274,EFU,0.77,50,,,,
141581,853546,EF1,2.2,50,,,,
141499,850373,EF1,1.24,150,,,,
143328,861212,EF1,4.46,250,SGF,MO,225,WEBSTER
143328,861213,EF1,1.83,250,,,,
141445,849448,EF0,0.1,20,,,,
136741,820362,EF1,1.25,350,,,,
135544,813137,EF0,0.3,80,LZK,AR,45,FAULKNER
141891,851823,EF0,0.93,50,,,,
136978,822004,EF1,8.89,200,,,,
136408,818687,EFU,0.65,20,,,,
136758,822277,EF3,2.12,400,,,,
139407,838600,EF1,2.9,200,,,,
135735,814390,EF2,8.52,1100,,,,
142743,856816,EF0,0.06,15,,,,
135739,814523,EF1,1.41,60,,,,
135739,814403,EF1,1.09,50,,,,
136677,820012,EFU,2.43,30,,,,
136677,820014,EFU,1.06,30,,,,
137027,831173,EF0,0.75,20,OUN,OK,83,LOGAN
137355,828165,EF1,12.93,880,LSX,MO,51,COLE
137355,828031,EF1,4.53,440,,,,
143415,865101,EF0,0.2,45,,,,
136408,818688,EFU,0.22,40,,,,
143848,864113,EF0,0.2,120,TSA,OK,145,WAGONER
136758,822266,EF2,0.6,178,,,,
136758,822278,EF0,0.3,40,,,,
136758,822279,EF0,0.24,360,GID,NE,47,DAWSON
135316,813789,EF3,5.64,350,SHV,TX,401,RUSK
137021,830455,EF2,8.8,400,,,,
137355,828177,EF1,9.79,440,,,,
137806,828030,EF1,6.14,1200,SGF,MO,11,BARTON
137027,830433,EF1,4.1,50,,,,
138039,829535,EF1,18.67,700,,,,
138304,831550,EF0,1,10,,,,
137027,830392,EF0,0.75,100,,,,
137027,830434,EF0,0.3,20,,,,
137027,830437,EF1,1.4,30,,,,
137027,830450,EFU,0.5,20,,,,
135544,813138,EF0,0.65,80,LZK,AR,119,PULASKI
135316,811397,EF3,18.27,880,SHV,TX,347,NACOGDOCHES
137021,830748,EFU,2,100,,,,
135392,832957,EF2,0.55,200,,,,
137018,829285,EF1,6.8,150,,,,
137018,829277,EF0,0.75,30,,,,
137021,830454,EF2,3.7,300,,,,
137021,830732,EF1,2.1,60,,,,
136788,822689,EF0,2.3,50,,,,
137021,830755,EFU,2,50,,,,
136677,843568,EF0,1.79,40,,,,
137021,830727,EFU,0.5,40,,,,
137019,829292,EFU,1.33,200,,,,
135544,813139,EF0,2.75,80,,,,
135544,813140,EF0,0.66,50,,,,
135738,815573,EF1,15.56,900,SHV,LA,31,DE,SOTO
137355,827981,EF1,5.87,800,,,,
136978,828080,EF1,7.88,300,,,,
137030,830376,EF1,1,50,,,,
137032,829981,EF2,4,1500,,,,
137035,830375,EF0,0.7,30,,,,
135738,816594,EF0,8.77,700,,,,
137164,831115,EF0,0.25,50,,,,
135316,813797,EF2,0.8,400,,,,
143415,865108,EF1,19.4,880,,,,
137612,826860,EF0,0.62,75,,,,
137027,831185,EF1,5.2,100,,,,
137026,829946,EF0,0.2,25,,,,
137026,829947,EF0,0.4,50,,,,
137035,830371,EF0,0.5,30,,,,
137035,830374,EF0,0.2,30,,,,
136408,818711,EF0,1.11,30,,,,
135316,813790,EF3,5.06,305,,,,
137032,842620,EFU,0.5,75,,,,
137355,827982,EF0,7.88,200,,,,
137355,828191,EF1,0.09,250,,,,
137355,828195,EF3,4.03,880,SGF,MO,11,BARTON
143936,863993,EF0,0.84,7,,,,
137021,830756,EFU,0.5,30,,,,
137027,830875,EF0,0.1,20,,,,
137032,829983,EFU,0.5,50,,,,
137032,829986,EF1,2,150,,,,
137035,830764,EFU,0.3,30,,,,
137026,829951,EF0,0.5,50,,,,
136758,822283,EF1,0.1,92,,,,
137045,822623,EF0,0.2,25,,,,
136408,818695,EF1,3.52,50,,,,
136408,818719,EF0,1.23,30,,,,
136740,820336,EF2,2.8,400,,,,
136056,831453,EFU,0.5,25,,,,
137026,829950,EF2,0.5,60,,,,
138233,830798,EF4,12.41,1760,,,,
137027,830440,EF2,2.6,150,,,,
137027,830391,EF1,3,250,OUN,OK,27,CLEVELAND
137027,830448,EF0,0.1,25,OUN,OK,81,LINCOLN
137027,830449,EF0,2.2,30,,,,
136758,822247,EF0,0.1,20,,,,
136758,822259,EF0,0.1,50,,,,
136758,822254,EF0,0.5,315,,,,
137045,822624,EF1,5.51,250,,,,
137045,822625,EF0,0.1,50,,,,
136677,820013,EF0,2.52,40,AMA,TX,295,LIPSCOMB
135544,813141,EF0,4.49,100,,,,
135316,813798,EF2,2.5,400,,,,
141869,851684,EF0,1.42,50,,,,
138266,831669,EF1,5.39,30,,,,
137027,830819,EF1,6,70,,,,
137027,830865,EF1,3,100,,,,
135738,815576,EF1,1.04,100,,,,
136408,818686,EFU,1.23,30,,,,
136408,818693,EFU,0.54,30,,,,
143580,861554,EFU,0.01,50,,,,
139757,840605,EF0,0.53,10,,,,
137027,831202,EFU,0.1,20,,,,
137027,831204,EFU,0.2,40,,,,
137027,831208,EF2,11,1200,,,,
137342,824380,EF0,2.76,150,,,,
137343,824393,EF0,0.21,100,,,,
137343,824404,EF0,0.14,100,,,,
136408,818707,EFU,0.9,30,,,,
136408,818714,EFU,0.95,30,,,,
135392,836417,EFU,0.02,50,,,,
137027,831210,EFU,0.5,30,,,,
137027,842610,EFU,0.3,30,,,,
136408,818720,EF0,0.57,40,,,,
136408,818721,EF0,1.33,50,,,,
135544,813110,EF0,5.06,500,,,,
135738,815582,EF3,11.15,1000,,,,
135423,812114,EF0,3.1,100,,,,
135883,815468,EF2,11.3,800,,,,
137337,824358,EF0,0.21,50,,,,
137355,828197,EF3,7.26,880,,,,
137032,829978,EF3,1.8,1500,OUN,OK,59,HARPER
136056,816448,EF3,16.66,1200,EAX,KS,103,LEAVENWORTH
137355,827976,EF0,1.17,100,,,,
135739,814521,EF2,3.34,150,DMX,IA,77,GUTHRIE
137027,830792,EFU,0.5,40,,,,
137027,830874,EF0,0.1,20,,,,
137027,830805,EFU,0.5,50,,,,
137027,830823,EFU,1,40,,,,
138274,831658,EF0,2.72,40,,,,
138274,831660,EF0,0.25,50,,,,
138274,831661,EF0,0.68,25,,,,
138272,831666,EF0,0.56,40,,,,
137355,828159,EF3,8.77,440,,,,
137355,827977,EF1,7.07,100,,,,
141891,851809,EF1,3.94,75,,,,
141891,851811,EF0,0.79,50,,,,
137851,829160,EF1,3.54,550,,,,
138234,830800,EF2,5.85,400,,,,
136055,816425,EF1,0.26,100,,,,
137027,830835,EF1,0.3,40,,,,
137027,831175,EF0,0.7,20,,,,
137027,831180,EF0,2.5,75,OUN,OK,103,NOBLE
137027,831188,EF0,0.3,50,,,,
137027,831193,EFU,0.2,30,,,,
137027,831201,EFU,0.5,50,,,,
135883,815470,EF2,13.2,800,,,,
135316,813799,EF1,0.77,100,,,,
137231,823728,EF0,0.74,50,,,,
137355,827983,EFU,0.24,50,,,,
137020,829954,EF1,1.5,30,,,,
135735,814397,EF1,5.13,540,SHV,LA,85,SABINE
137337,824361,EF0,0.19,50,,,,
135738,816381,EF1,21.37,850,,,,
139230,837453,EFU,0.75,10,,,,
137355,827980,EF1,23.75,200,,,,
137035,830341,EF0,0.9,50,,,,
137035,830358,EF0,0.7,50,,,,
136408,818723,EFU,0.66,20,,,,
135721,832930,EFU,0.03,50,,,,
137027,833402,EF1,1.6,100,,,,
135545,813142,EF1,0.26,100,,,,
137045,822626,EF0,0.2,25,,,,
137021,830740,EFU,0.5,30,,,,
137033,830763,EF0,0.5,20,,,,
137035,830766,EFU,0.2,50,,,,
137027,830804,EFU,3.7,150,,,,
137018,829267,EFU,0.5,20,,,,
137018,829271,EFU,0.2,30,,,,
137018,829275,EF0,3.16,50,,,,
135544,813123,EF0,1.02,50,,,,
135544,813134,EF1,1.5,200,,,,
135544,813135,EF0,0.16,50,,,,
136677,820015,EFU,1.97,20,,,,
135423,812115,EF1,2.2,250,,,,
135872,815425,EF0,0.19,50,,,,
141891,851815,EF0,4.01,40,,,,
137035,830307,EF3,2.2,75,,,,
138056,829637,EF1,2.91,600,,,,
137517,826270,EF0,0.06,20,,,,
138153,841439,EF1,7.55,80,,,,
136484,819588,EF1,2.16,80,SHV,LA,49,JACKSON
136872,821628,EF2,6.63,150,,,,
136436,818896,EF1,7.38,300,,,,
138056,829639,EF1,2.6,800,,,,
138056,829640,EF1,2.67,250,,,,
138056,829641,EF1,2.26,50,,,,
138056,829643,EF0,0.23,50,,,,
136056,816436,EF0,1.18,50,TOP,KS,45,DOUGLAS
136056,816440,EF2,9.51,200,,,,
138154,841400,EF1,8.97,100,,,,
135572,813356,EF1,4.1,275,,,,
136484,819589,EF0,1.43,80,,,,
136872,822538,EF3,4.51,225,,,,
136952,824267,EF1,0.54,50,,,,
138056,829644,EF1,2.46,600,,,,
137109,828735,EF0,3.87,200,,,,
137109,828756,EF0,3.72,250,,,,
137109,828758,EF1,0.45,300,,,,
137864,828477,EF2,4.14,1400,AMA,OK,7,BEAVER
142485,855241,EF0,0.22,60,,,,
140556,845064,EF2,0.1,75,,,,
140556,845063,EF2,0.5,440,,,,
140224,843387,EF0,0.01,25,,,,
142806,857061,EF1,1.71,580,,,,
137325,824712,EF1,0.31,750,,,,
138051,829613,EF1,3.08,100,,,,
137565,826415,EF1,0.53,20,,,,
137565,826413,EF3,7.27,100,,,,
137517,826266,EF0,4.24,500,,,,
137109,828760,EF0,3.06,25,,,,
137109,828764,EF0,2.96,100,,,,
137109,828790,EF2,7.24,700,,,,
136571,819453,EF0,1.51,10,,,,
136484,819595,EF1,4.27,75,,,,
136028,816274,EF1,0.97,75,,,,
136872,821603,EF3,1.29,225,MAF,TX,329,MIDLAND
140226,843388,EF0,0.01,25,,,,
140226,843389,EF0,0.01,25,,,,
135681,823651,EFU,1,30,,,,
135681,823653,EFU,3.37,300,,,,
136374,824280,EF1,5.13,35,,,,
138051,829626,EF1,1.08,600,LCH,TX,241,JASPER
138051,829628,EF0,0.22,600,,,,
136436,818899,EF1,0.1,90,SHV,LA,17,CADDO
137565,826417,EF0,0.14,20,,,,
136338,818296,EF1,9.6,50,,,,
137109,828791,EF1,2.33,140,,,,
137109,828792,EF1,3.81,250,,,,
137667,828939,EF1,3.2,200,,,,
137483,826694,EFU,6.4,500,,,,
136484,819111,EF1,2.51,200,,,,
136371,824977,EF0,0.26,30,,,,
136374,824281,EF0,0.07,20,,,,
136550,819559,EF0,1.05,100,,,,
136338,818297,EF1,5.94,50,,,,
137517,826263,EF0,5.39,50,,,,
138153,841443,EF0,1.35,50,,,,
136484,819114,EF1,1.83,200,,,,
136484,819122,EF1,0.89,300,,,,
141962,852334,EF1,3.2,50,,,,
141758,851083,EF0,1.03,100,,,,
137701,827264,EF1,9.83,105,,,,
137701,827267,EF0,0.67,25,,,,
136180,817267,EF1,0.58,118,,,,
137733,827433,EF0,1.17,25,,,,
135792,818628,EF0,1.56,300,,,,
135922,818629,EF1,0.28,100,PHI,PA,11,BERKS
138153,841450,EF0,1.3,75,,,,
138153,841753,EF1,6.24,90,,,,
138153,841754,EF1,3.51,75,,,,
136484,819402,EF1,3.92,80,,,,
142526,855517,EF0,1.63,50,,,,
137703,827279,EF0,0.18,25,,,,
144725,869152,EF1,1.35,50,,,,
137701,827269,EF1,12.62,95,,,,
137701,827273,EF0,0.18,30,ARX,MN,45,FILLMORE
137472,825650,EF1,0.53,30,,,,
142913,857415,EF0,0.1,5,,,,
141721,850901,EF0,0.13,10,,,,
137548,826292,EFU,2.88,50,,,,
137866,828479,EF2,5.76,1400,OUN,OK,45,ELLIS
135923,818369,EF1,0.84,125,,,,
136575,819456,EF0,0.52,10,,,,
141758,851084,EF0,0.53,50,,,,
137701,827266,EF0,3.4,25,ARX,IA,89,HOWARD
137703,827280,EF0,0.21,15,,,,
137703,827277,EF0,6.01,30,,,,
136218,817405,EF1,0.98,240,,,,
135974,818632,EF1,4.93,300,,,,
135982,818633,EF1,2.45,350,,,,
136016,818639,EF0,0.42,50,,,,
136825,820942,EF0,0.73,20,,,,
137203,823553,EF2,4.52,475,,,,
144726,869156,EF3,18.89,880,JAN,MS,85,LINCOLN
137703,827281,EF0,0.19,25,,,,
137517,826259,EF0,0.07,30,,,,
136363,818641,EF0,1.05,50,,,,
136398,818636,EF1,0.72,50,,,,
136484,819415,EF1,2.98,250,,,,
142228,854051,EFU,2.42,30,CYS,WY,15,GOSHEN
142228,854065,EFU,2.38,30,,,,
142228,854139,EFU,3.62,30,CYS,WY,15,GOSHEN
140956,848530,EF0,2.25,250,MPX,WI,17,CHIPPEWA
137933,829418,EF3,17.13,1500,LSX,MO,27,CALLAWAY
137762,827627,EF1,2,200,,,,
136218,817411,EF1,0.22,330,,,,
137517,826269,EF0,1.1,73,,,,
137109,828793,EF0,10.84,300,,,,
136484,819416,EF1,0.81,250,SHV,LA,127,WINN
138153,841756,EF0,1.11,50,,,,
142228,854140,EFU,4.9,30,,,,
142228,854108,EF2,19.12,200,,,,
135850,815236,EF0,0.42,50,,,,
137310,824204,EF0,1.35,50,,,,
136857,821109,EF0,0.16,10,,,,
141324,848778,EF0,1.23,80,,,,
140956,848531,EF3,4.72,725,,,,
140030,842856,EF1,2.54,210,,,,
142241,854009,EFU,0.5,25,,,,
137580,826673,EF1,4.49,100,,,,
137864,828452,EF0,4.47,75,,,,
137864,828454,EF0,0.59,50,,,,
138154,841391,EF0,6.52,50,,,,
138154,841393,EF0,5.42,50,,,,
141224,848408,EF0,0.19,50,,,,
136484,819419,EF1,2.04,250,,,,
136827,832909,EF0,1.17,20,,,,
141988,855389,EF1,3.1,200,,,,
140980,847058,EF0,3.78,75,,,,
136230,817736,EF0,2.41,100,,,,
136072,816586,EF0,2,200,,,,
136072,816724,EF0,4.13,450,,,,
142241,854014,EFU,0.5,25,,,,
142241,854013,EF1,1.2,75,,,,
137573,826535,EF2,10.22,385,RAH,NC,127,NASH
136484,819121,EF1,12.59,500,SHV,LA,17,CADDO
141998,852808,EF0,0.67,50,,,,
137517,826265,EF0,11.49,100,,,,
137576,826564,EF0,0.35,50,,,,
137705,827284,EF0,0.15,10,,,,
138153,841755,EF0,0.72,50,,,,
136484,819436,EF1,7.36,100,,,,
141543,853907,EFU,10.25,20,,,,
142735,857311,EF0,0.63,125,,,,
137573,826537,EF1,6.96,385,,,,
137864,828440,EF0,0.04,20,,,,
135916,815597,EFU,0.1,25,,,,
137734,827436,EF1,0.06,30,,,,
137106,831557,EFU,0.01,10,,,,
137109,828780,EF2,4.01,215,,,,
136484,819441,EF1,0.42,70,,,,
140030,842851,EF1,1.04,90,,,,
137354,824458,EF0,0.23,20,,,,
137354,824461,EF0,0.23,20,,,,
135796,814729,EF0,0.16,25,,,,
137530,826161,EF1,5.53,150,,,,
137474,825654,EF1,10.76,75,,,,
137667,828951,EF0,1.58,75,,,,
137517,826262,EF0,0.03,20,,,,
135707,814261,EF0,0.08,50,,,,
135707,814262,EF0,0.05,50,,,,
142954,857862,EF2,7.02,700,,,,
136484,819446,EF1,4.03,350,,,,
135791,814712,EF1,0.58,85,,,,
140030,842855,EF0,1.33,90,MPX,MN,53,HENNEPIN
137354,824470,EF0,0.29,20,,,,
137354,824473,EF0,0.46,20,,,,
142794,856993,EFU,0.24,10,,,,
137474,825659,EF0,0.04,10,,,,
137477,825662,EF1,1.85,30,,,,
137602,826804,EF0,0.07,20,,,,
137602,826805,EF0,3.34,20,,,,
137107,824901,EF0,0.26,100,,,,
143182,859562,EFU,0.53,20,,,,
136549,819553,EF0,0.97,30,,,,
136549,819554,EF0,3.23,300,,,,
136549,819555,EF0,0.69,30,,,,
136549,819556,EF0,0.84,50,,,,
136484,819451,EF1,1.84,80,SHV,LA,61,LINCOLN
142735,857312,EF1,0.85,200,,,,
137237,823734,EFU,0.07,10,,,,
137477,825679,EF1,7.75,50,,,,
137667,828976,EF1,0.79,125,,,,
137602,826806,EF0,0.3,20,,,,
144130,865247,EF3,5.42,560,JAN,MS,31,COVINGTON
144130,865236,EF1,1.73,200,JAN,MS,129,SMITH
143865,864677,EF0,5.07,50,,,,
144727,869162,EF0,2.29,200,,,,
144130,865248,EF1,0.41,100,,,,
144130,865233,EF3,16.9,1320,,,,
144955,870503,EF0,2.61,60,,,,
144955,870506,EF1,9.26,300,,,,
144955,870578,EF0,2.23,80,,,,
144955,870580,EF1,3.51,150,,,,
137864,828425,EF1,9.11,50,,,,
144970,870526,EF1,2.6,150,JAN,MS,23,CLARKE
144130,865251,EF3,16.52,350,MOB,MS,153,WAYNE
144141,865266,EF1,4.76,400,JAN,MS,79,LEAKE
144141,865267,EF0,0.52,100,JAN,MS,7,ATTALA
144141,865265,EF0,0.84,50,JAN,MS,7,ATTALA
144955,870524,EF2,9.42,250,,,,
144955,870579,EF0,0.33,75,,,,
144568,867939,EF0,0.14,25,,,,
144141,865268,EF0,1.22,50,,,,
143604,861744,EF1,1.11,125,,,,
142955,857865,EF2,11.89,500,,,,
137517,826257,EFU,1.14,100,AMA,TX,195,HANSFORD
143701,862981,EF1,4.79,100,,,,
143363,868437,EF0,1.36,75,,,,
144132,865207,EF0,0.52,200,JAN,MS,21,CLAIBORNE
144130,865252,EF2,32.16,350,MOB,AL,23,CHOCTAW
143605,862106,EF0,7.31,200,,,,
144570,869730,EF0,0.4,50,,,,
144570,869731,EF1,6.56,200,,,,
144570,869732,EF0,0.2,75,,,,
144727,869157,EF2,5.95,350,,,,
144130,865204,EF1,8.35,600,JAN,MS,149,WARREN
144409,866793,EF1,9.91,300,,,,
144141,865276,EF1,3.23,125,,,,
143182,858881,EFU,1.17,25,,,,
144141,865271,EF1,6.6,500,,,,
144141,865272,EF1,7.7,900,,,,
144727,869161,EF1,2.6,300,,,,
144130,865206,EF1,2.83,400,,,,
144130,865222,EF2,4.23,720,,,,
142955,857874,EF1,4.46,75,JAN,MS,129,SMITH
142955,857875,EF0,2.79,50,,,,
136727,820235,EFU,0.09,10,,,,
137517,830289,EFU,1.77,100,,,,
138331,831891,EF0,0.34,50,,,,
144141,865273,EF1,3.82,200,,,,
144141,865274,EF0,2.61,200,,,,
144141,865422,EF0,0.89,150,,,,
144130,865255,EF2,10.39,880,,,,
137864,830292,EF2,7.05,900,AMA,TX,295,LIPSCOMB
137864,828459,EF0,0.71,50,,,,
137864,828460,EF0,0.29,50,,,,
138331,831894,EF0,2,50,,,,
138331,831896,EF0,5.2,75,,,,
143848,864114,EF0,1,160,,,,
144570,869733,EF2,10.97,400,TAE,GA,17,BEN,HILL
144158,865427,EF2,3.56,147,,,,
144570,869734,EF2,9.34,400,,,,
144158,869481,EF3,3.98,550,LCH,LA,115,VERNON
144158,869482,EF3,28.41,550,LCH,LA,79,RAPIDES
143604,862104,EF0,2.86,200,MEG,TN,97,LAUDERDALE
143605,868549,EF0,1.07,200,MEG,TN,167,TIPTON
143605,862105,EF0,2,200,,,,
141836,851381,EF1,3.04,30,,,,
144158,869483,EF3,30.22,525,,,,
137864,828439,EF2,5.78,900,AMA,TX,357,OCHILTREE
138331,831898,EF0,1.51,50,,,,
137864,830295,EF2,4.68,900,,,,
138331,831899,EF0,1.58,50,,,,
143415,860403,EF0,0.25,325,,,,
144727,869158,EF0,1.52,220,BMX,AL,105,PERRY
144130,865210,EF0,3.8,50,JAN,MS,49,HINDS
143675,862175,EF1,10.34,250,SHV,LA,119,WEBSTER
143471,865234,EF1,0.68,75,,,,
143471,865238,EF1,2.9,500,,,,
144130,865212,EF1,18.52,616,,,,
144130,865230,EF0,0.43,50,,,,
144130,865231,EF1,2.45,600,JAN,MS,65,JEFFERSON,DAVIS
143675,862176,EF1,13.47,250,SHV,LA,27,CLAIBORNE
143472,865559,EF0,3.2,50,,,,
144727,869159,EF0,3.83,300,,,,
144727,869160,EF0,3.12,200,,,,
144130,865232,EF2,8.21,600,,,,
144130,865242,EF2,7.44,350,,,,
144130,865245,EF1,6.18,440,,,,
143675,862180,EF1,2.43,250,,,,
144980,870604,EF0,3.76,25,,,,
144980,870614,EF0,3.45,50,,,,
142994,857944,EF1,0.62,115,,,,
143813,863479,EF0,10.09,100,,,,
143813,863484,EF0,8.85,200,,,,
144335,866322,EF0,0.37,60,,,,
139321,837905,EF0,1.18,50,,,,
143956,864077,EF0,0.38,25,,,,
143786,863374,EF0,3.56,100,,,,
143786,863395,EF0,4.5,100,,,,
143272,859389,EF0,0.26,10,,,,
144257,865867,EF0,1.15,40,,,,
144257,865868,EF0,0.48,65,,,,
144257,865869,EF0,2.13,55,,,,
134444,810604,EF0,2.98,300,,,,
134444,810661,EF2,12.83,750,FFC,GA,263,TALBOT
143605,862103,EF0,1.67,200,MEG,AR,93,MISSISSIPPI
139155,836968,EF1,12.27,250,,,,
139155,836969,EF1,2.2,150,,,,
143605,862096,EF1,7.42,250,,,,
137171,823154,EF0,0.01,25,,,,
137526,829296,EF1,1.9,50,,,,
137526,829299,EF2,4.09,150,,,,
137327,830405,EF0,0.3,15,,,,
134444,810595,EF1,1.41,290,,,,
134444,810598,EF0,3.4,300,FFC,GA,225,PEACH
134444,810583,EF1,7.41,900,,,,
134444,810588,EF1,0.55,200,,,,
144283,865998,EF0,0.41,75,,,,
141856,851548,EF0,0.17,10,,,,
137285,824052,EF0,7.59,100,,,,
134444,810576,EF1,3.08,630,,,,
134444,810580,EF0,6.58,630,,,,
139155,836967,EF1,1.2,250,CLE,OH,155,TRUMBULL
143471,865237,EF2,18.58,370,HUN,AL,83,LIMESTONE
136044,828647,EF1,0.09,50,,,,
138567,835215,EF0,3.99,200,,,,
134444,810678,EF3,20.03,750,,,,
134444,805581,EF1,1.15,300,,,,
134444,810567,EF0,3.99,150,,,,
143471,865239,EF1,9.47,50,,,,
143471,865235,EF2,8.18,250,,,,
137286,824053,EF0,0.1,25,,,,
134444,810569,EF0,0.38,100,,,,
134444,810646,EF0,0.95,860,,,,
134444,805575,EF2,3.93,420,FFC,GA,225,PEACH
137526,831595,EF3,4.22,800,IWX,IN,49,FULTON
143471,865243,EF1,1.25,25,,,,
143471,865246,EF0,3.16,37,,,,
134444,810658,EF3,8.88,750,FFC,GA,145,HARRIS
137526,831596,EF3,9.5,800,,,,
137526,831606,EF3,12.76,1200,,,,
134444,805576,EF1,2.73,420,,,,
134444,805579,EF0,1.07,150,,,,
139155,836970,EF0,6,250,,,,
137286,824058,EF0,0.16,25,,,,
137526,829298,EF1,0.58,50,,,,
137327,830402,EF0,0.51,20,,,,
134444,810616,EF1,0.18,85,,,,
138810,834820,EF0,0.43,25,,,,
138810,834821,EF0,4.78,100,,,,
134444,810639,EF2,18.73,860,FFC,GA,307,WEBSTER
134445,805556,EF0,1.68,150,,,,
137873,834817,EF0,0.89,75,,,,
135340,832211,EF0,0.1,30,,,,
138183,830458,EF0,0.88,15,,,,
138567,835226,EF1,3.76,250,,,,
138567,835225,EF1,4.4,440,MPX,MN,25,CHISAGO
137649,841339,EF0,0.29,100,,,,
138567,835216,EF0,0.28,25,,,,
137873,834818,EF1,9.8,600,MPX,WI,5,BARRON
137873,834819,EF1,4.1,600,,,,
136052,817747,EF0,4.18,250,,,,
136052,817748,EF1,5.06,250,ILN,OH,47,FAYETTE
141640,850406,EFU,1.59,25,,,,
138906,835972,EFU,3.33,100,DDC,KS,25,CLARK
136052,817749,EF0,0.71,250,,,,
139359,864743,EFU,2.89,100,,,,
140647,845790,EF0,0.48,25,,,,
143043,858185,EFU,0.02,10,,,,
143043,858186,EFU,0.67,10,,,,
134084,802740,EF0,1.6,100,,,,
141640,850407,EFU,0.76,25,,,,
138626,841278,EF0,1.24,75,,,,
138700,834026,EF1,5.33,250,,,,
138700,842023,EF1,0.31,300,JAN,MS,49,HINDS
138906,835974,EF1,7.71,275,DDC,KS,57,FORD
138700,834027,EF0,0.78,50,,,,
138700,842024,EF1,2.11,400,JAN,MS,163,YAZOO
142910,857460,EF2,0.9,50,,,,
142275,854183,EF1,0.17,80,,,,
142497,855359,EF0,2.82,150,,,,
138972,835897,EFU,0.05,50,,,,
134084,802739,EF0,8.7,50,,,,
138700,842025,EF0,0.86,100,,,,
142537,855816,EF0,1.09,35,,,,
142910,857432,EF0,1.43,20,,,,
137638,828523,EFU,2.56,75,,,,
137638,828526,EFU,0.01,30,,,,
137927,828916,EFU,0.01,30,,,,
137669,827234,EF3,18.01,1760,,,,
137669,827231,EF2,5.04,388,,,,
137669,827076,EF2,17.58,1760,,,,
137669,827374,EF3,5.79,1760,,,,
137669,827376,EF3,7.84,300,,,,
137669,827232,EF1,2.23,550,SJT,TX,253,JONES
137669,880897,EF0,6.43,550,,,,
137927,828917,EFU,0.01,30,,,,
137669,827378,EFU,0.06,50,,,,
137669,827043,EF2,2.08,250,,,,
142677,856476,EF0,0.6,50,,,,
141775,863127,EF0,0.05,25,,,,
139064,836758,EF0,0.12,10,,,,
140548,856840,EFU,0.1,50,,,,
137742,831869,EF0,0.61,50,,,,
137742,831885,EF0,0.53,50,,,,
142801,857022,EF0,0.1,10,,,,
141619,850281,EF1,0.38,75,,,,
142687,856562,EF0,0.1,50,,,,
142687,856563,EF0,0.1,50,,,,
143256,860470,EF0,1.7,1,,,,
139171,837039,EFU,0.96,25,TOP,KS,197,WABAUNSEE
142858,857254,EF1,1.56,80,,,,
136342,818322,EF3,5.9,300,,,,
141890,851783,EF1,6.95,75,,,,
137355,828172,EF1,1.26,440,SGF,MO,169,PULASKI
141891,851828,EF0,1.15,50,,,,
141632,850328,EF1,0.75,350,,,,
136342,818314,EF0,5.9,50,TOP,KS,85,JACKSON
139171,837043,EFU,2.84,50,,,,
139340,838123,EF0,0.65,25,,,,
141891,851830,EF0,0.51,20,,,,
141619,850280,EF0,0.51,150,,,,
142858,857256,EF0,2.58,20,,,,
142858,857252,EF0,3.2,40,,,,
142858,857253,EF0,0.1,10,,,,
142858,857255,EF0,0.19,10,,,,
137806,828158,EF1,0.45,400,SGF,MO,97,JASPER
